{
  "class_names": [
    "basophil",
    "eosinophil",
    "erythroblast",
    "immature_granulocyte",
    "lymphocyte",
    "monocyte",
    "neutrophil",
    "platelet"
  ],
  "class_distribution": {
    "train": [
      852,
      2181,
      1085,
      2026,
      849,
      993,
      2330,
      1643
    ],
    "val": [
      122,
      312,
      155,
      290,
      122,
      143,
      333,
      235
    ],
    "test": [
      244,
      624,
      311,
      579,
      243,
      284,
      666,
      470
    ]
  },
  "train_mean": [
    0.8162291049957275,
    0.6685421466827393,
    0.6954758167266846
  ],
  "train_std": [
    0.21517059206962585,
    0.24152213335037231,
    0.11746316403150558
  ]
}